FPGrowth found 39 rules (displaying top 10)

 1. [Specialised construction activities=t, Food and beverage service activities=t]: 5995 ==> [Retail trade, except of motor vehicles and motorcycles=t]: 5968   <conf:(1)> lift:(1.04) lev:(0.03) conv:(9.52) 
 2. [Wholesale trade, except of motor vehicles and motorcycles=t, Food and beverage service activities=t]: 6263 ==> [Retail trade, except of motor vehicles and motorcycles=t]: 6226   <conf:(0.99)> lift:(1.04) lev:(0.03) conv:(7.33) 
 3. [Wholesale trade, except of motor vehicles and motorcycles=t, Construction of buildings=t]: 6233 ==> [Retail trade, except of motor vehicles and motorcycles=t]: 6193   <conf:(0.99)> lift:(1.04) lev:(0.03) conv:(6.76) 
 4. [Wholesale trade, except of motor vehicles and motorcycles=t, Land transport and transport via pipelines=t]: 6003 ==> [Retail trade, except of motor vehicles and motorcycles=t]: 5964   <conf:(0.99)> lift:(1.04) lev:(0.03) conv:(6.67) 
 5. [Wholesale trade, except of motor vehicles and motorcycles=t, Specialised construction activities=t]: 6293 ==> [Retail trade, except of motor vehicles and motorcycles=t]: 6229   <conf:(0.99)> lift:(1.04) lev:(0.03) conv:(4.3) 
 6. [Land transport and transport via pipelines=t]: 6125 ==> [Retail trade, except of motor vehicles and motorcycles=t]: 6049   <conf:(0.99)> lift:(1.03) lev:(0.03) conv:(3.54) 
 7. [Food and beverage service activities=t]: 6440 ==> [Retail trade, except of motor vehicles and motorcycles=t]: 6355   <conf:(0.99)> lift:(1.03) lev:(0.03) conv:(3.33) 
 8. [Retail trade, except of motor vehicles and motorcycles=t, Land transport and transport via pipelines=t]: 6049 ==> [Wholesale trade, except of motor vehicles and motorcycles=t]: 5964   <conf:(0.99)> lift:(1.06) lev:(0.04) conv:(4.78) 
 9. [Construction of buildings=t]: 6381 ==> [Retail trade, except of motor vehicles and motorcycles=t]: 6288   <conf:(0.99)> lift:(1.03) lev:(0.03) conv:(3.02) 
10. [Retail trade, except of motor vehicles and motorcycles=t, Construction of buildings=t]: 6288 ==> [Wholesale trade, except of motor vehicles and motorcycles=t]: 6193   <conf:(0.98)> lift:(1.06) lev:(0.04) conv:(4.45) 

