FPGrowth found 128 rules (displaying top 10)

 1. [Financial service activities, except insurance and pension funding=t]: 6299 ==> [Retail trade, except of motor vehicles and motorcycles=t]: 6299   <conf:(1)> lift:(1.04) lev:(0.04) conv:(267.68) 
 2. [Specialised construction activities=t, Manufacture of food products=t]: 6352 ==> [Retail trade, except of motor vehicles and motorcycles=t]: 6352   <conf:(1)> lift:(1.04) lev:(0.04) conv:(269.93) 
 3. [Wholesale trade, except of motor vehicles and motorcycles=t, Specialised construction activities=t, Construction of buildings=t]: 6400 ==> [Retail trade, except of motor vehicles and motorcycles=t]: 6400   <conf:(1)> lift:(1.04) lev:(0.04) conv:(271.97) 
 4. [Wholesale trade, except of motor vehicles and motorcycles=t, Specialised construction activities=t, Manufacture of food products=t]: 6350 ==> [Retail trade, except of motor vehicles and motorcycles=t]: 6350   <conf:(1)> lift:(1.04) lev:(0.04) conv:(269.85) 
 5. [Wholesale trade, except of motor vehicles and motorcycles=t, Construction of buildings=t]: 6409 ==> [Retail trade, except of motor vehicles and motorcycles=t]: 6407   <conf:(1)> lift:(1.04) lev:(0.04) conv:(90.78) 
 6. [Retail trade, except of motor vehicles and motorcycles=t, Specialised construction activities=t, Construction of buildings=t]: 6402 ==> [Wholesale trade, except of motor vehicles and motorcycles=t]: 6400   <conf:(1)> lift:(1.05) lev:(0.05) conv:(105.65) 
 7. [Specialised construction activities=t, Manufacture of food products=t]: 6352 ==> [Wholesale trade, except of motor vehicles and motorcycles=t]: 6350   <conf:(1)> lift:(1.05) lev:(0.04) conv:(104.82) 
 8. [Specialised construction activities=t, Manufacture of food products=t]: 6352 ==> [Retail trade, except of motor vehicles and motorcycles=t, Wholesale trade, except of motor vehicles and motorcycles=t]: 6350   <conf:(1)> lift:(1.06) lev:(0.05) conv:(115.12) 
 9. [Retail trade, except of motor vehicles and motorcycles=t, Specialised construction activities=t, Manufacture of food products=t]: 6352 ==> [Wholesale trade, except of motor vehicles and motorcycles=t]: 6350   <conf:(1)> lift:(1.05) lev:(0.04) conv:(104.82) 
10. [Wholesale trade, except of motor vehicles and motorcycles=t, Manufacture of food products=t]: 6386 ==> [Retail trade, except of motor vehicles and motorcycles=t]: 6383   <conf:(1)> lift:(1.04) lev:(0.04) conv:(67.84) 

