FPGrowth found 1166 rules (displaying top 10)

 1. [Financial service activities, except insurance and pension funding=t]: 6746 ==> [Retail trade, except of motor vehicles and motorcycles=t]: 6746   <conf:(1)> lift:(1) lev:(0) conv:(31.85) 
 2. [Other personal service activities=t]: 6692 ==> [Retail trade, except of motor vehicles and motorcycles=t]: 6692   <conf:(1)> lift:(1) lev:(0) conv:(31.6) 
 3. [Postal and courier activities=t]: 6640 ==> [Retail trade, except of motor vehicles and motorcycles=t]: 6640   <conf:(1)> lift:(1) lev:(0) conv:(31.35) 
 4. [Financial service activities, except insurance and pension funding=t]: 6746 ==> [Wholesale trade, except of motor vehicles and motorcycles=t]: 6746   <conf:(1)> lift:(1.01) lev:(0.01) conv:(41.5) 
 5. [Wholesale trade, except of motor vehicles and motorcycles=t, Food and beverage service activities=t]: 6834 ==> [Retail trade, except of motor vehicles and motorcycles=t]: 6834   <conf:(1)> lift:(1) lev:(0) conv:(32.27) 
 6. [Financial service activities, except insurance and pension funding=t]: 6746 ==> [Retail trade, except of motor vehicles and motorcycles=t, Wholesale trade, except of motor vehicles and motorcycles=t]: 6746   <conf:(1)> lift:(1.01) lev:(0.01) conv:(55.98) 
 7. [Retail trade, except of motor vehicles and motorcycles=t, Financial service activities, except insurance and pension funding=t]: 6746 ==> [Wholesale trade, except of motor vehicles and motorcycles=t]: 6746   <conf:(1)> lift:(1.01) lev:(0.01) conv:(41.5) 
 8. [Wholesale trade, except of motor vehicles and motorcycles=t, Financial service activities, except insurance and pension funding=t]: 6746 ==> [Retail trade, except of motor vehicles and motorcycles=t]: 6746   <conf:(1)> lift:(1) lev:(0) conv:(31.85) 
 9. [Wholesale trade, except of motor vehicles and motorcycles=t, Other personal service activities=t]: 6675 ==> [Retail trade, except of motor vehicles and motorcycles=t]: 6675   <conf:(1)> lift:(1) lev:(0) conv:(31.52) 
10. [Manufacture of food products=t, Food and beverage service activities=t]: 6812 ==> [Retail trade, except of motor vehicles and motorcycles=t]: 6812   <conf:(1)> lift:(1) lev:(0) conv:(32.16) 

